"Source Name",Domain,Text,"Program Name","Date Accessed","Data Source"
History,google.com,"can i sync a file to multiple cloud storage locations","Google Chrome","2018-03-28 05:04:08 IST",LoneWolf.E01
History,google.com,"cloud storage solutions","Google Chrome","2018-03-28 05:12:35 IST",LoneWolf.E01
History,google.com,"amazon cloud storage","Google Chrome","2018-03-28 05:16:32 IST",LoneWolf.E01
History,google.com,"can i use amazon s3 for free","Google Chrome","2018-03-28 05:17:13 IST",LoneWolf.E01
History,google.com,"sync amazon s3 from desktop?","Google Chrome","2018-03-28 05:17:57 IST",LoneWolf.E01
History,google.com,tntdrive,"Google Chrome","2018-03-28 05:18:18 IST",LoneWolf.E01
History,google.com,"tntdrive vs","Google Chrome","2018-03-28 05:19:10 IST",LoneWolf.E01
History,google.com,"s3 desktop client","Google Chrome","2018-03-28 05:20:07 IST",LoneWolf.E01
History,google.com,dropbox,"Google Chrome","2018-03-28 05:31:35 IST",LoneWolf.E01
History,google.com,"box storage","Google Chrome","2018-03-28 05:33:56 IST",LoneWolf.E01
History,google.com,"box storage","Google Chrome","2018-03-28 05:34:10 IST",LoneWolf.E01
History,google.com,"stream futurama","Google Chrome","2018-03-28 05:34:45 IST",LoneWolf.E01
History,youtube.com,"demoolition ranch","Google Chrome","2018-03-28 05:35:31 IST",LoneWolf.E01
History,google.com,"https://www.dropbox.com/l/AAB3lMeY0bQnsK2ck9UuZlfNNmSDRikBS20","Google Chrome","2018-03-28 05:44:42 IST",LoneWolf.E01
History,google.com,"https://account.box.com/link/?lp=vJZdWtlAMDxg1SV2JHli-pwFics3NDkhDf63XZF04CSpda-W38q5AhHG93z-ZugQJKGMkGzeoYncLou7lbkTKdpvHWgiRl6_uEdliNraemHaCkVhhwInVFrjGW0Od7qCGiYjHJamIcae5LdhZRSPqEsuHqpsHEfcmOdGZzWboderRw4F9Z2CXYXsi8YxmL_Sr9dvrLfrKLpx-FOlhH_bYuWzej_6NW89hP6HRFLfptfJTOu-24xcotuRI0CQsvkXDqWc66PeaSOmTAALu3IyK-zr2I2kVwhPMFmIVKwjfVqXvD_NZchj_dgIYfappFbZRp2biYT61TCLMBTebq0gZrW1AELD1sQH2idGIgyzmT16mqE.&a=click&tt=AccountVerificationButton&ru=nbeb7YKqVFfgp8m3Pux9QTunVDx6KdrbhL2g3xc6Qq_3CEhwpprfiuvjrIyly_8DLhc6t20mtSCP0LAxzZIr55dlDJ3ggfeSJbx6krmTwzfaoIUWi-_lgJovvDy8XdEhP2kxFRL4JRsFDFwp2BVicNtBOiihOjrIhcssXWkJIihRSKXrH9BSdkoNZsLB8CovCJDnbQf5WqRScPhySn5l2JvxRi2k8RKxW2O0p3sq4uj_hN2sJqQKW2Z8kMEe6vmxAVL0viPsZe8huTh29bYEvvEBIEfA3r0FCA..","Google Chrome","2018-03-28 05:47:17 IST",LoneWolf.E01
History,google.com,"црн шы ьн сщьзгеук ензштп шт снкшдшл","Google Chrome","2018-03-28 06:15:31 IST",LoneWolf.E01
History,google.com,ApMsgfwd,"Google Chrome","2018-03-28 06:19:29 IST",LoneWolf.E01
History,youtube.com,"best tactical rifle","Google Chrome","2018-03-28 06:23:01 IST",LoneWolf.E01
History,google.com,"mega cloud storage","Google Chrome","2018-03-28 06:25:24 IST",LoneWolf.E01
History,google.com,"ruger 10-22","Google Chrome","2018-03-28 06:26:42 IST",LoneWolf.E01
History,google.com,"keltec sub 2000","Google Chrome","2018-03-28 06:27:22 IST",LoneWolf.E01
History,youtube.com,"fn p90","Google Chrome","2018-03-28 06:30:56 IST",LoneWolf.E01
History,google.com,fnp90,"Google Chrome","2018-03-28 06:31:11 IST",LoneWolf.E01
History,google.com,twitter,"Google Chrome","2018-03-28 06:36:33 IST",LoneWolf.E01
History,google.com,"shooting range near me","Google Chrome","2018-03-28 06:39:53 IST",LoneWolf.E01
History,twitter.com,"#MolonLabe","Google Chrome","2018-03-28 06:41:50 IST",LoneWolf.E01
History,google.com,"https://accounts.google.com/AccountChooser?Email=jimcloudy1@gmail.com&continue=https://myaccount.google.com/security-checkup?utm_source%3Demail%26utm_medium%3Demail%26utm_campaign%3Dsa%26aneid%3D-9106874189219900278%26rfn%3D1522201384871%26anexp%3Dsagf-f8--sayf-f19--sayug-yellow--sasgug-green--sasyug-yellow--saeb-f2--sapy-on","Google Chrome","2018-03-29 09:53:18 IST",LoneWolf.E01
History,google.com,"just how easy is it to buy an illegal gun","Google Chrome","2018-03-29 10:07:29 IST",LoneWolf.E01
History,google.com,"just how easy is it to buy an illegal gun","Google Chrome","2018-03-29 10:07:29 IST",LoneWolf.E01
History,google.com,"best new phone","Google Chrome","2018-03-30 04:33:48 IST",LoneWolf.E01
History,google.com,"new nokia","Google Chrome","2018-03-30 04:34:06 IST",LoneWolf.E01
History,google.com,"new nokia dual sim","Google Chrome","2018-03-30 04:34:14 IST",LoneWolf.E01
History,google.com,"Is there a map of gun free zones","Google Chrome","2018-03-30 04:43:25 IST",LoneWolf.E01
History,google.com,"Is there a map of gun free zones","Google Chrome","2018-03-30 04:43:20 IST",LoneWolf.E01
History,google.com,"Is there a map of gun free zones","Google Chrome","2018-03-30 04:43:21 IST",LoneWolf.E01
History,google.com,"Is there a map of gun free zones","Google Chrome","2018-03-30 04:43:21 IST",LoneWolf.E01
History,google.com,"Is there a map of gun free zones","Google Chrome","2018-03-30 04:43:25 IST",LoneWolf.E01
History,google.com,"Is there a map of gun free zones","Google Chrome","2018-03-30 04:43:27 IST",LoneWolf.E01
History,google.com,"Is there a map of gun free zones D.C.","Google Chrome","2018-03-30 04:43:52 IST",LoneWolf.E01
History,google.com,"Is there a map of gun free zones D.C.","Google Chrome","2018-03-30 04:44:16 IST",LoneWolf.E01
History,google.com,"Is there a map of gun free zones D.C.","Google Chrome","2018-03-30 04:44:26 IST",LoneWolf.E01
History,google.com,"democratic offices in DC","Google Chrome","2018-03-30 04:45:27 IST",LoneWolf.E01
History,google.com,"democratic offices in DC","Google Chrome","2018-03-30 04:47:27 IST",LoneWolf.E01
History,google.com,"democratic national headquarters","Google Chrome","2018-03-30 04:48:40 IST",LoneWolf.E01
History,google.com,"430 south capital street","Google Chrome","2018-03-30 04:48:54 IST",LoneWolf.E01
History,google.com,"430 south capital street, DC","Google Chrome","2018-03-30 04:48:59 IST",LoneWolf.E01
History,google.com,"430 south capitol street, DC","Google Chrome","2018-03-30 04:49:03 IST",LoneWolf.E01
History,google.com,"airports near dc","Google Chrome","2018-03-30 04:49:40 IST",LoneWolf.E01
History,google.com,"police response times by zip code","Google Chrome","2018-03-30 04:50:17 IST",LoneWolf.E01
History,google.com,"which state has the worst police response times","Google Chrome","2018-03-30 04:51:44 IST",LoneWolf.E01
History,google.com,"which dc airport has fewest delays","Google Chrome","2018-03-30 08:01:10 IST",LoneWolf.E01
History,google.com,"lone wolf","Google Chrome","2018-03-30 08:59:38 IST",LoneWolf.E01
History,google.com,"lone wolf","Google Chrome","2018-03-30 08:59:41 IST",LoneWolf.E01
History,google.com,"lone wolf","Google Chrome","2018-03-30 09:03:24 IST",LoneWolf.E01
History,google.com,"lone wolf","Google Chrome","2018-03-30 09:01:18 IST",LoneWolf.E01
History,google.com,"lone wolf","Google Chrome","2018-03-30 09:01:21 IST",LoneWolf.E01
History,google.com,"lone wolf","Google Chrome","2018-03-30 09:01:23 IST",LoneWolf.E01
History,google.com,"lone wolf","Google Chrome","2018-03-30 09:03:24 IST",LoneWolf.E01
History,google.com,"lone wolf","Google Chrome","2018-03-30 09:01:28 IST",LoneWolf.E01
History,google.com,"lone wolf","Google Chrome","2018-03-30 09:03:21 IST",LoneWolf.E01
History,google.com,"lone wolf","Google Chrome","2018-03-30 09:01:52 IST",LoneWolf.E01
History,google.com,"lone wolf","Google Chrome","2018-03-30 09:02:00 IST",LoneWolf.E01
History,google.com,"lone wolf","Google Chrome","2018-03-30 09:02:02 IST",LoneWolf.E01
History,google.com,"lone wolf","Google Chrome","2018-03-30 09:02:04 IST",LoneWolf.E01
History,google.com,"lone wolf","Google Chrome","2018-03-30 09:03:21 IST",LoneWolf.E01
History,google.com,"lone wolf","Google Chrome","2018-03-30 09:02:12 IST",LoneWolf.E01
History,google.com,"lone wolf","Google Chrome","2018-03-30 09:03:21 IST",LoneWolf.E01
History,google.com,"lone wolf","Google Chrome","2018-03-30 09:03:21 IST",LoneWolf.E01
History,google.com,"lone wolf","Google Chrome","2018-03-30 09:03:21 IST",LoneWolf.E01
History,google.com,"lone wolf","Google Chrome","2018-03-30 09:03:24 IST",LoneWolf.E01
History,google.com,"lone wolf","Google Chrome","2018-03-30 09:03:24 IST",LoneWolf.E01
History,google.com,"lone wolf","Google Chrome","2018-03-30 09:03:24 IST",LoneWolf.E01
History,google.com,"lone wolf","Google Chrome","2018-03-30 09:03:35 IST",LoneWolf.E01
History,google.com,"how to use google docs as chat","Google Chrome","2018-03-30 09:05:31 IST",LoneWolf.E01
History,google.com,theblaze,"Google Chrome","2018-03-30 09:54:18 IST",LoneWolf.E01
History,google.com,breitbart,"Google Chrome","2018-03-30 09:57:46 IST",LoneWolf.E01
History,google.com,"what percentage of gun crime gun free zones","Google Chrome","2018-03-30 10:04:03 IST",LoneWolf.E01
History,google.com,"nokia 3310 dual sim","Google Chrome","2018-03-31 02:46:15 IST",LoneWolf.E01
History,google.com,"soviet quote about americans having too many guns","Google Chrome","2018-03-31 09:42:43 IST",LoneWolf.E01
History,google.com,"japanese quote about attacking america","Google Chrome","2018-03-31 09:43:41 IST",LoneWolf.E01
History,google.com,"There would be a rifle behind every blade of grass","Google Chrome","2018-03-31 09:44:25 IST",LoneWolf.E01
History,google.com,"There would be a rifle behind every blade of grass","Google Chrome","2018-03-31 09:44:32 IST",LoneWolf.E01
History,google.com,"There would be a rifle behind every blade of grass","Google Chrome","2018-03-31 09:45:03 IST",LoneWolf.E01
History,google.com,"There would be a rifle behind every blade of grass","Google Chrome","2018-03-31 09:45:07 IST",LoneWolf.E01
History,google.com,"There would be a rifle behind every blade of grass","Google Chrome","2018-03-31 09:45:19 IST",LoneWolf.E01
History,google.com,"There would be a rifle behind every blade of grass","Google Chrome","2018-03-31 09:45:31 IST",LoneWolf.E01
History,google.com,"There would be a rifle behind every blade of grass","Google Chrome","2018-03-31 09:46:31 IST",LoneWolf.E01
History,google.com,"There would be a rifle behind every blade of grass","Google Chrome","2018-03-31 09:47:00 IST",LoneWolf.E01
History,google.com,"There would be a rifle behind every blade of grass","Google Chrome","2018-03-31 09:47:16 IST",LoneWolf.E01
History,google.com,"There would be a rifle behind every blade of grass","Google Chrome","2018-03-31 09:47:19 IST",LoneWolf.E01
History,google.com,"There would be a rifle behind every blade of grass","Google Chrome","2018-03-31 09:47:58 IST",LoneWolf.E01
History,google.com,"There would be a rifle behind every blade of grass","Google Chrome","2018-03-31 09:48:45 IST",LoneWolf.E01
History,google.com,"There would be a rifle behind every blade of grass","Google Chrome","2018-03-31 09:48:47 IST",LoneWolf.E01
History,google.com,"There would be a rifle behind every blade of grass","Google Chrome","2018-03-31 09:48:50 IST",LoneWolf.E01
History,google.com,"There would be a rifle behind every blade of grass","Google Chrome","2018-03-31 09:48:55 IST",LoneWolf.E01
History,google.com,"There would be a rifle behind every blade of grass","Google Chrome","2018-03-31 09:49:11 IST",LoneWolf.E01
History,google.com,"There would be a rifle behind every blade of grass","Google Chrome","2018-03-31 09:49:37 IST",LoneWolf.E01
History,google.com,"There would be a rifle behind every blade of grass","Google Chrome","2018-03-31 09:49:43 IST",LoneWolf.E01
History,google.com,"There would be a rifle behind every blade of grass","Google Chrome","2018-03-31 09:49:47 IST",LoneWolf.E01
History,google.com,"cold dead hands","Google Chrome","2018-03-31 09:51:40 IST",LoneWolf.E01
History,google.com,"cold dead hands huckleberry","Google Chrome","2018-03-31 09:52:01 IST",LoneWolf.E01
History,google.com,"cold dead hands huckleberry","Google Chrome","2018-03-31 09:52:10 IST",LoneWolf.E01
History,google.com,"okay we will pry it from your cold dead hands","Google Chrome","2018-03-31 09:52:39 IST",LoneWolf.E01
History,google.com,"okay we will pry it from your cold dead hands","Google Chrome","2018-03-31 09:52:44 IST",LoneWolf.E01
History,google.com,"okay we will pry it from your cold dead hands","Google Chrome","2018-03-31 09:52:49 IST",LoneWolf.E01
History,google.com,"https://www.facebook.com/n/?confirmemail.php&e=jimcloudy1%40gmail.com&c=67073&cuid=AYj63CmuveHFe4_a54wEbAwa-p7oJShPiZ5nBcWaqB3vojonO2bM7LApIaGEib-dj6LTHeKrb5vLTn6J8r7drC_btDoXQfrO0x2mQ_z-8ldn8uKf1N8cZJg3Q8Tod_j3wto&aref=1522135687798347&medium=email&mid=5685f8b629b79G5af8e6b89c62G5685fd4f89e4bG3c2&bcode=2.1522135687.AbykIXprq8Jue5GCYfw&n_m=jimcloudy1%40gmail.com","Google Chrome","2018-03-31 09:58:51 IST",LoneWolf.E01
History,facebook.com,"molon labe","Google Chrome","2018-03-31 09:59:22 IST",LoneWolf.E01
History,google.com,"concealable tactical rifles","Google Chrome","2018-03-31 10:06:31 IST",LoneWolf.E01
History,google.com,"concealable tactical rifles","Google Chrome","2018-03-31 10:06:57 IST",LoneWolf.E01
History,google.com,"concealable tactical rifles","Google Chrome","2018-03-31 10:07:14 IST",LoneWolf.E01
History,google.com,"9mm rifles","Google Chrome","2018-03-31 10:07:19 IST",LoneWolf.E01
History,google.com,"submachine guns","Google Chrome","2018-03-31 10:12:08 IST",LoneWolf.E01
History,google.com,keltech,"Google Chrome","2018-03-31 10:12:23 IST",LoneWolf.E01
History,google.com,"foldable kel tec","Google Chrome","2018-03-31 10:13:13 IST",LoneWolf.E01
History,google.com,gunbroker,"Google Chrome","2018-03-31 10:14:13 IST",LoneWolf.E01
History,google.com,"keltec 2000 site:gunbroker.com","Google Chrome","2018-03-31 10:14:24 IST",LoneWolf.E01
History,google.com,"gunstore near me","Google Chrome","2018-03-31 23:18:18 IST",LoneWolf.E01
History,google.com,"gun store near me","Google Chrome","2018-03-31 23:18:41 IST",LoneWolf.E01
History,google.com,"gun store near me","Google Chrome","2018-03-31 23:18:41 IST",LoneWolf.E01
History,google.com,"gun store near me","Google Chrome","2018-03-31 23:18:41 IST",LoneWolf.E01
History,google.com,"gun store near me","Google Chrome","2018-03-31 23:18:41 IST",LoneWolf.E01
History,google.com,"gun store near me","Google Chrome","2018-03-31 23:18:41 IST",LoneWolf.E01
History,google.com,"gun store near me","Google Chrome","2018-03-31 23:18:41 IST",LoneWolf.E01
History,google.com,"gun store near me","Google Chrome","2018-03-31 23:19:27 IST",LoneWolf.E01
History,google.com,"gun store near me","Google Chrome","2018-03-31 23:19:27 IST",LoneWolf.E01
History,google.com,"gun store near me","Google Chrome","2018-03-31 23:19:27 IST",LoneWolf.E01
History,google.com,"gun store near me","Google Chrome","2018-03-31 23:19:27 IST",LoneWolf.E01
History,google.com,"gun store near me","Google Chrome","2018-03-31 23:19:27 IST",LoneWolf.E01
History,google.com,"gun store near me","Google Chrome","2018-03-31 23:19:27 IST",LoneWolf.E01
History,google.com,"Northern Virginia Gun Works","Google Chrome","2018-03-31 23:23:40 IST",LoneWolf.E01
History,google.com,"Northern Virginia Gun Works","Google Chrome","2018-03-31 23:23:11 IST",LoneWolf.E01
History,google.com,"Northern Virginia Gun Works","Google Chrome","2018-03-31 23:23:11 IST",LoneWolf.E01
History,google.com,"Northern Virginia Gun Works","Google Chrome","2018-03-31 23:23:40 IST",LoneWolf.E01
History,google.com,"Northern Virginia Gun Works","Google Chrome","2018-03-31 23:23:40 IST",LoneWolf.E01
History,google.com,"non extradition country","Google Chrome","2018-04-01 01:04:50 IST",LoneWolf.E01
History,google.com,"where did top gear go on bikes","Google Chrome","2018-04-01 01:08:19 IST",LoneWolf.E01
History,google.com,"where did top gear go on motorcycles","Google Chrome","2018-04-01 01:08:29 IST",LoneWolf.E01
History,google.com,"most beautiful contries with non extradition","Google Chrome","2018-04-01 01:09:15 IST",LoneWolf.E01
History,google.com,indonesia,"Google Chrome","2018-04-01 01:12:28 IST",LoneWolf.E01
History,google.com,"how far would the dollar go in indonesia","Google Chrome","2018-04-01 01:18:03 IST",LoneWolf.E01
History,google.com,"how far would the dollar go in indonesia","Google Chrome","2018-04-01 01:18:03 IST",LoneWolf.E01
History,google.com,"how far would the dollar go in indonesia","Google Chrome","2018-04-01 01:18:03 IST",LoneWolf.E01
History,google.com,"where the dollar goes farthest vietnam or indonesia","Google Chrome","2018-04-01 01:19:15 IST",LoneWolf.E01
History,google.com,"flights to indonesia","Google Chrome","2018-04-01 01:22:52 IST",LoneWolf.E01
History,google.com,"flights to bali, indonesia","Google Chrome","2018-04-01 01:23:23 IST",LoneWolf.E01
History,google.com,"bali airport","Google Chrome","2018-04-01 01:24:41 IST",LoneWolf.E01
History,google.com,"iad airport","Google Chrome","2018-04-01 01:26:11 IST",LoneWolf.E01
History,google.com,"jfk airport code","Google Chrome","2018-04-01 01:26:23 IST",LoneWolf.E01
History,google.com,"doh hamad international","Google Chrome","2018-04-01 01:27:09 IST",LoneWolf.E01
History,google.com,"do the cops track web searches","Google Chrome","2018-04-01 01:33:23 IST",LoneWolf.E01
History,google.com,"do the cops track web searches","Google Chrome","2018-04-01 01:33:23 IST",LoneWolf.E01
History,google.com,"how come when i eat pizza it burns my mouth behind my teeth","Google Chrome","2018-04-01 03:19:45 IST",LoneWolf.E01
History,google.com,"federal government vs ranchers","Google Chrome","2018-04-02 06:28:35 IST",LoneWolf.E01
History,google.com,"federal government vs ranchers","Google Chrome","2018-04-02 06:28:35 IST",LoneWolf.E01
History,google.com,dropbox,"Google Chrome","2018-04-02 07:10:05 IST",LoneWolf.E01
History,google.com,onedrive,"Google Chrome","2018-04-05 07:27:21 IST",LoneWolf.E01
History,google.com,"dulles airport","Google Chrome","2018-04-02 07:18:43 IST",LoneWolf.E01
History,google.com,"public buildins in reston va","Google Chrome","2018-04-02 07:19:59 IST",LoneWolf.E01
History,google.com,"public buildins in reston va","Google Chrome","2018-04-02 07:19:59 IST",LoneWolf.E01
History,google.com,"democrat building reston va","Google Chrome","2018-04-02 07:20:15 IST",LoneWolf.E01
History,google.com,"reston virginia democratic party building","Google Chrome","2018-04-02 07:21:01 IST",LoneWolf.E01
History,google.com,"reston virginia democratic party building","Google Chrome","2018-04-02 07:21:40 IST",LoneWolf.E01
History,google.com,"reston virginia democratic party building","Google Chrome","2018-04-02 07:21:40 IST",LoneWolf.E01
History,google.com,"reston virginia democratic party building","Google Chrome","2018-04-02 07:21:40 IST",LoneWolf.E01
History,google.com,"reston virginia democratic party building","Google Chrome","2018-04-02 07:21:40 IST",LoneWolf.E01
History,google.com,"reston virginia democratic party building","Google Chrome","2018-04-02 07:21:41 IST",LoneWolf.E01
History,google.com,"reston virginia democratic party building","Google Chrome","2018-04-02 07:21:41 IST",LoneWolf.E01
History,google.com,"reston virginia democratic party building","Google Chrome","2018-04-02 07:22:13 IST",LoneWolf.E01
History,google.com,"reston virginia democratic party building","Google Chrome","2018-04-02 07:22:13 IST",LoneWolf.E01
History,google.com,"reston virginia democratic party building","Google Chrome","2018-04-02 07:22:13 IST",LoneWolf.E01
History,google.com,brietbart,"Google Chrome","2018-04-03 11:29:43 IST",LoneWolf.E01
History,google.com,foxnews,"Google Chrome","2018-04-03 11:32:02 IST",LoneWolf.E01
History,google.com,"hotels in bali","Google Chrome","2018-04-03 11:34:29 IST",LoneWolf.E01
History,google.com,"dulles to bali","Google Chrome","2018-04-03 11:41:40 IST",LoneWolf.E01
History,google.com,"fairfax democrate building","Google Chrome","2018-04-03 11:44:42 IST",LoneWolf.E01
History,google.com,"anti-gun rally near me","Google Chrome","2018-04-03 11:50:24 IST",LoneWolf.E01
History,google.com,"upcoming anti-gun rally near me","Google Chrome","2018-04-03 11:51:17 IST",LoneWolf.E01
History,google.com,"upcoming anti-gun rally near me","Google Chrome","2018-04-03 11:51:17 IST",LoneWolf.E01
History,google.com,"upcoming anti-gun rally near me","Google Chrome","2018-04-03 11:51:17 IST",LoneWolf.E01
History,google.com,"sterling va","Google Chrome","2018-04-03 11:53:26 IST",LoneWolf.E01
History,google.com,"why is there a timespan on my flight departure","Google Chrome","2018-04-03 11:59:21 IST",LoneWolf.E01
History,google.com,"cascades library sterling va","Google Chrome","2018-04-03 12:14:28 IST",LoneWolf.E01
History,google.com,"cascades library meeting room b","Google Chrome","2018-04-03 12:16:42 IST",LoneWolf.E01
History,google.com,"cascades library meeting room b","Google Chrome","2018-04-03 12:16:52 IST",LoneWolf.E01
History,google.com,"cascades library meeting room b","Google Chrome","2018-04-03 12:17:03 IST",LoneWolf.E01
History,google.com,"cascades library meeting room b","Google Chrome","2018-04-03 12:17:09 IST",LoneWolf.E01
History,google.com,"cascades library meeting room b","Google Chrome","2018-04-03 12:18:01 IST",LoneWolf.E01
History,google.com,"cascades library meeting room b","Google Chrome","2018-04-03 12:17:17 IST",LoneWolf.E01
History,google.com,"cascades library meeting room b","Google Chrome","2018-04-03 12:17:18 IST",LoneWolf.E01
History,google.com,"cascades library meeting room b","Google Chrome","2018-04-03 12:17:20 IST",LoneWolf.E01
History,google.com,"cascades library meeting room b","Google Chrome","2018-04-03 12:17:21 IST",LoneWolf.E01
History,google.com,"cascades library meeting room b","Google Chrome","2018-04-03 12:17:23 IST",LoneWolf.E01
History,google.com,"cascades library meeting room b","Google Chrome","2018-04-03 12:18:01 IST",LoneWolf.E01
History,google.com,"cascades library meeting room b","Google Chrome","2018-04-03 12:17:26 IST",LoneWolf.E01
History,google.com,"cascades library meeting room b","Google Chrome","2018-04-03 12:18:01 IST",LoneWolf.E01
History,google.com,"cascades library meeting room b","Google Chrome","2018-04-03 12:18:01 IST",LoneWolf.E01
History,google.com,"cascades library meeting room b","Google Chrome","2018-04-03 12:18:01 IST",LoneWolf.E01
History,google.com,"cascades library meeting room b","Google Chrome","2018-04-03 12:18:32 IST",LoneWolf.E01
History,google.com,"cascades library meeting room b","Google Chrome","2018-04-03 12:18:28 IST",LoneWolf.E01
History,google.com,"cascades library meeting room b","Google Chrome","2018-04-03 12:18:32 IST",LoneWolf.E01
History,google.com,"cascades library sterling va meeting room b","Google Chrome","2018-04-03 12:18:39 IST",LoneWolf.E01
History,google.com,"cascades library sterling va meeting room b","Google Chrome","2018-04-03 12:18:43 IST",LoneWolf.E01
History,google.com,"cascades library sterling va meeting room b","Google Chrome","2018-04-03 12:19:09 IST",LoneWolf.E01
History,google.com,"cascades library sterling va meeting room b","Google Chrome","2018-04-03 12:19:05 IST",LoneWolf.E01
History,google.com,"cascades library sterling va meeting room b","Google Chrome","2018-04-03 12:19:09 IST",LoneWolf.E01
History,google.com,"velcro tear away clothes","Google Chrome","2018-04-04 10:43:41 IST",LoneWolf.E01
History,google.com,"velcro tear away clothes","Google Chrome","2018-04-04 10:43:41 IST",LoneWolf.E01
History,google.com,"velcro tear away clothes","Google Chrome","2018-04-04 10:43:53 IST",LoneWolf.E01
History,google.com,"how do i set google drive to auto sync","Google Chrome","2018-04-05 07:21:32 IST",LoneWolf.E01
History,google.com,onedrive,"Google Chrome","2018-04-05 07:27:21 IST",LoneWolf.E01
History,google.com,"get onedrive to automatically sync with folders","Google Chrome","2018-04-05 07:29:43 IST",LoneWolf.E01
History,google.com,"if i move my desktop to one drive, is it still on my desktop","Google Chrome","2018-04-05 07:32:44 IST",LoneWolf.E01
History,google.com,"box sync de3sktop","Google Chrome","2018-04-05 07:35:40 IST",LoneWolf.E01
History,google.com,"will box sync automatically backup desktop","Google Chrome","2018-04-05 07:36:24 IST",LoneWolf.E01
History,google.com,"box sync de3sktop","Google Chrome","2018-04-05 07:36:48 IST",LoneWolf.E01
History,google.com,"gun control great britain","Google Chrome","2018-04-05 11:11:14 IST",LoneWolf.E01
History,google.com,"gun control great britain","Google Chrome","2018-04-05 11:11:17 IST",LoneWolf.E01
History,google.com,"Can you defend yourself from burglars in london","Google Chrome","2018-04-05 11:12:14 IST",LoneWolf.E01
History,google.com,"uk wants to ban knives","Google Chrome","2018-04-05 11:20:27 IST",LoneWolf.E01
History,google.com,"gun control in indonesia","Google Chrome","2018-04-05 11:21:54 IST",LoneWolf.E01
History,google.com,"things to do in bali","Google Chrome","2018-04-05 11:22:24 IST",LoneWolf.E01
History,google.com,"indonesia expat jobs","Google Chrome","2018-04-05 11:22:56 IST",LoneWolf.E01
History,linkedin.com,"Indonesia Expat","Google Chrome","2018-04-05 11:23:37 IST",LoneWolf.E01
History,google.com,"is it legal to carry large sums of cash out of the country","Google Chrome","2018-04-05 11:24:43 IST",LoneWolf.E01
History,google.com,"transferring money to an overseas account","Google Chrome","2018-04-05 11:27:11 IST",LoneWolf.E01
History,google.com,"how does a us citizen get an overseas bank account","Google Chrome","2018-04-05 11:27:48 IST",LoneWolf.E01
History,google.com,"do indonesian banks cooperate with us government","Google Chrome","2018-04-05 11:28:57 IST",LoneWolf.E01
History,google.com,"how to smuggle cash through airport","Google Chrome","2018-04-05 11:29:29 IST",LoneWolf.E01
History,google.com,"can i strap cash to myself and walk through tsa","Google Chrome","2018-04-05 11:33:28 IST",LoneWolf.E01
History,google.com,"can i tape cash to myself and walk through tsa","Google Chrome","2018-04-05 11:33:58 IST",LoneWolf.E01
History,youtube.com,"snl jurassic park","Google Chrome","2018-04-05 13:24:58 IST",LoneWolf.E01
History,youtube.com,"jurassic park linux","Google Chrome","2018-04-05 13:30:21 IST",LoneWolf.E01
History,youtube.com,"jurassic park","Google Chrome","2018-04-05 13:31:22 IST",LoneWolf.E01
History,youtube.com,"jurassic park melodica","Google Chrome","2018-04-05 13:30:41 IST",LoneWolf.E01
History,youtube.com,"jurassic park","Google Chrome","2018-04-05 13:31:22 IST",LoneWolf.E01
History,google.com,"jurassic world the lost world theme tune","Google Chrome","2018-04-05 13:50:28 IST",LoneWolf.E01
History,google.com,"jurassic world raptors indominus","Google Chrome","2018-04-05 13:51:33 IST",LoneWolf.E01
History,google.com,"giaccinio jurassic park game sound track","Google Chrome","2018-04-05 13:55:00 IST",LoneWolf.E01
History,google.com,"giaccinio jurassic park game sound track laboratory hunt","Google Chrome","2018-04-05 13:55:42 IST",LoneWolf.E01
History,google.com,onedrive,"Google Chrome","2018-04-05 14:07:55 IST",LoneWolf.E01
History,google.com,"the blaze","Google Chrome","2018-04-06 09:13:01 IST",LoneWolf.E01
WebCacheV01.dat,bing.com,"google drive sync download","Microsoft Edge Analyzer","2018-03-27 23:38:57 IST",LoneWolf.E01
WebCacheV01.dat,bing.com,"google drive sync download","Microsoft Edge Analyzer","2018-03-27 23:38:57 IST",LoneWolf.E01
WebCacheV01.dat,bing.com,"cloud storage solutions","Microsoft Edge Analyzer","2018-03-27 23:41:15 IST",LoneWolf.E01
WebCacheV01.dat,bing.com,chrome,"Microsoft Edge Analyzer","2018-03-27 09:28:58 IST",LoneWolf.E01
WebCacheV01.dat,bing.com,"cloud storage solutions","Microsoft Edge Analyzer","2018-03-27 23:41:17 IST",LoneWolf.E01
